{
    "learning_rate": 0.00012520653814999459,
    "n_steps": 25,
    "entropy_coef": 0.00042348718392737936,
    "gae_lambda": 0.9035278047694104,
    "hidden_dim": 145,
    "log_std_init": 0.29178822613331223
}